Date,Value
2020-12-31,14.6246
2020-12-30,14.6446
2020-12-29,14.6334
2020-12-28,14.5759
2020-12-24,14.5957
2020-12-23,14.5893
2020-12-22,14.6262
2020-12-21,14.8079
2020-12-18,14.6437
2020-12-17,14.7523
2020-12-15,14.9929
2020-12-14,15.002
2020-12-11,15.138
2020-12-10,14.9509
2020-12-09,14.958
2020-12-08,15.1246
2020-12-07,15.2472
2020-12-04,15.1937
2020-12-03,15.3268
2020-12-02,15.318
2020-12-01,15.3842
2020-11-30,15.2823
2020-11-27,15.1929
2020-11-26,15.1518
2020-11-25,15.1329
2020-11-24,15.325
2020-11-23,15.3124
2020-11-20,15.4251
2020-11-19,15.5312
2020-11-18,15.3185
2020-11-17,15.35
2020-11-16,15.4406
2020-11-13,15.6216
2020-11-12,15.671
2020-11-11,15.6208
2020-11-10,15.4308
2020-11-09,15.5849
2020-11-06,15.7343
2020-11-05,15.8452
2020-11-04,16.3127
2020-11-03,16.0853
2020-11-02,16.3007
2020-10-30,16.3246
2020-10-29,16.4177
2020-10-28,16.3194
2020-10-27,16.2141
2020-10-26,16.3099
2020-10-23,16.1907
2020-10-22,16.2736
2020-10-21,16.4229
2020-10-20,16.4932
2020-10-19,16.4799
2020-10-16,16.5529
2020-10-15,16.6568
2020-10-14,16.5103
2020-10-13,16.5167
2020-10-12,16.4855
2020-10-09,16.4729
2020-10-08,16.6029
2020-10-07,16.5829
2020-10-06,16.6567
2020-10-05,16.4131
2020-10-02,16.6863
2020-10-01,16.5929
2020-09-30,16.9231
2020-09-29,17.1607
2020-09-28,17.1782
2020-09-25,16.8591
2020-09-23,16.9708
2020-09-22,16.8537
2020-09-21,16.5242
2020-09-18,16.1366
2020-09-17,16.3537
2020-09-16,16.3607
2020-09-15,16.6255
2020-09-14,16.6146
2020-09-11,16.7538
2020-09-10,16.6634
2020-09-09,16.8338
2020-09-08,16.8259
2020-09-07,16.6242
2020-09-04,16.6546
2020-09-03,16.7588
2020-09-02,16.7199
2020-09-01,16.7129
2020-08-31,16.6816
2020-08-28,16.842
2020-08-27,16.8399
2020-08-26,16.8118
2020-08-25,16.8734
2020-08-24,17.0129
2020-08-21,17.2937
2020-08-20,17.3246
2020-08-19,17.2529
2020-08-18,17.4446
2020-08-17,17.4046
2020-08-14,17.4595
2020-08-13,17.4791
2020-08-12,17.4808
2020-08-11,17.5549
2020-08-07,17.6467
2020-08-06,17.5029
2020-08-05,17.3467
2020-08-04,17.2558
2020-08-03,17.2005
2020-07-31,16.8821
2020-07-30,16.7816
2020-07-29,16.4216
2020-07-28,16.4625
2020-07-27,16.5496
2020-07-24,16.7403
2020-07-23,16.465
2020-07-22,16.5068
2020-07-21,16.5935
2020-07-20,16.7257
2020-07-17,16.7276
2020-07-16,16.6835
2020-07-15,16.616
2020-07-14,16.8549
2020-07-13,16.7823
2020-07-10,16.8708
2020-07-09,16.8333
2020-07-08,17.0817
2020-07-07,17.1183
2020-07-06,16.9738
2020-07-03,16.9659
2020-07-02,16.9107
2020-07-01,17.2591
2020-06-30,17.3312
2020-06-29,17.2867
2020-06-26,17.2295
2020-06-25,17.4021
2020-06-24,17.3211
2020-06-23,17.2399
2020-06-22,17.418
2020-06-19,17.411
2020-06-18,17.233
2020-06-17,17.1313
2020-06-15,17.2408
2020-06-12,17.0858
2020-06-11,16.6296
2020-06-10,16.5799
2020-06-09,16.882
2020-06-08,16.7474
2020-06-05,16.8481
2020-06-04,17.0257
2020-06-03,17.0333
2020-06-02,17.3131
2020-06-01,17.4901
2020-05-29,17.5479
2020-05-28,17.4648
2020-05-27,17.4744
2020-05-26,17.4267
2020-05-25,17.6405
2020-05-22,17.8171
2020-05-21,17.9426
2020-05-20,18.1355
2020-05-19,18.2914
2020-05-18,18.481
2020-05-15,18.5111
2020-05-14,18.573
2020-05-13,18.4124
2020-05-12,18.4294
2020-05-11,18.3212
2020-05-08,18.4869
2020-05-07,18.5817
2020-05-06,18.4852
2020-05-05,18.28
2020-05-04,18.7516
2020-04-30,18.0589
2020-04-29,18.4869
2020-04-28,18.6678
2020-04-24,19.0722
2020-04-23,19.0243
2020-04-22,18.8829
2020-04-21,19.0549
2020-04-20,18.9305
2020-04-17,18.8159
2020-04-16,18.5972
2020-04-15,18.6243
2020-04-14,18.0303
2020-04-09,18.0868
2020-04-08,18.4033
2020-04-07,18.3207
2020-04-06,19.0768
2020-04-03,18.7096
2020-04-02,18.2113
2020-04-01,18.0283
2020-03-31,17.9822
2020-03-30,17.8226
2020-03-27,17.5046
2020-03-26,17.4915
2020-03-25,17.3437
2020-03-24,17.7233
2020-03-23,17.8108
2020-03-20,17.1939
2020-03-19,17.3757
2020-03-18,16.7717
2020-03-17,16.5498
2020-03-16,16.6289
2020-03-13,16.3201
2020-03-12,16.4264
2020-03-11,16.0714
2020-03-10,15.9082
2020-03-09,16.1815
2020-03-06,15.5874
2020-03-05,15.3336
2020-03-04,15.3659
2020-03-03,15.5337
2020-03-02,15.5255
2020-02-28,15.6171
2020-02-27,15.2974
2020-02-26,15.2421
2020-02-25,15.0972
2020-02-24,15.1622
2020-02-21,15.1746
2020-02-20,15.1279
2020-02-19,14.953
2020-02-18,15.043
2020-02-17,14.8726
2020-02-14,14.8601
2020-02-13,14.9328
2020-02-12,14.7639
2020-02-11,14.894
2020-02-10,15.0239
2020-02-07,14.9915
2020-02-06,14.7652
2020-02-05,14.7974
2020-02-04,14.7731
2020-02-03,14.9742
2020-01-31,14.8455
2020-01-30,14.6841
2020-01-29,14.5661
2020-01-28,14.6031
2020-01-27,14.5207
2020-01-24,14.3595
2020-01-23,14.3017
2020-01-22,14.4858
2020-01-21,14.569
2020-01-20,14.5289
2020-01-17,14.3698
2020-01-16,14.3822
2020-01-15,14.4073
2020-01-14,14.4688
2020-01-13,14.3475
2020-01-10,14.2363
2020-01-09,14.1313
2020-01-08,14.2698
2020-01-07,14.1799
2020-01-06,14.3193
2020-01-03,14.2243
2020-01-02,13.9923
2019-12-31,14.0418
2019-12-30,13.9709
2019-12-27,14.1058
2019-12-24,14.2009
2019-12-23,14.2591
2019-12-20,14.2105
2019-12-19,14.3126
2019-12-18,14.4242
2019-12-17,14.484
2019-12-13,14.5008
2019-12-12,14.6747
2019-12-11,14.7509
2019-12-10,14.6624
2019-12-09,14.6524
2019-12-06,14.6419
2019-12-05,14.5918
2019-12-04,14.6129
2019-12-03,14.5691
2019-12-02,14.6861
2019-11-29,14.6955
2019-11-28,14.7837
2019-11-27,14.762
2019-11-26,14.8174
2019-11-25,14.6994
2019-11-22,14.5949
2019-11-21,14.7526
2019-11-20,14.8254
2019-11-19,14.7539
2019-11-18,14.7425
2019-11-15,14.785
2019-11-14,14.945
2019-11-13,14.9449
2019-11-12,14.8794
2019-11-11,14.9281
2019-11-08,14.7749
2019-11-07,14.7737
2019-11-06,14.7845
2019-11-05,14.7391
2019-11-04,14.8356
2019-11-01,15.0719
2019-10-31,15.0823
2019-10-30,14.6283
2019-10-29,14.5509
2019-10-28,14.5531
2019-10-25,14.6299
2019-10-24,14.6354
2019-10-23,14.6475
2019-10-22,14.7396
2019-10-21,14.7532
2019-10-18,14.7875
2019-10-17,14.8467
2019-10-16,15.0037
2019-10-15,14.8059
2019-10-14,14.8136
2019-10-11,14.9319
2019-10-10,15.1102
2019-10-09,15.2138
2019-10-08,15.1579
2019-10-07,15.1291
2019-10-04,15.1643
2019-10-03,15.1585
2019-10-02,15.3802
2019-10-01,15.2187
2019-09-30,15.1971
2019-09-27,15.071
2019-09-26,15.0776
2019-09-25,14.989
2019-09-23,14.9592
2019-09-20,14.7992
2019-09-19,14.6649
2019-09-18,14.6349
2019-09-17,14.7536
2019-09-16,14.6588
2019-09-13,14.556
2019-09-12,14.6038
2019-09-11,14.706
2019-09-10,14.7249
2019-09-09,14.7774
2019-09-06,14.7806
2019-09-05,14.7532
2019-09-04,14.9383
2019-09-03,15.2256
2019-09-02,15.1542
2019-08-30,15.2324
2019-08-29,15.3438
2019-08-28,15.2839
2019-08-27,15.321
2019-08-26,15.2849
2019-08-23,15.1411
2019-08-22,15.2261
2019-08-21,15.2346
2019-08-20,15.3949
2019-08-19,15.3793
2019-08-16,15.1825
2019-08-15,15.2838
2019-08-14,15.1626
2019-08-13,15.3524
2019-08-12,15.412
2019-08-08,15.0611
2019-08-07,14.8924
2019-08-06,14.7886
2019-08-05,14.9185
2019-08-02,14.7089
2019-08-01,14.4699
2019-07-31,14.1784
2019-07-30,14.2011
2019-07-29,14.2762
2019-07-26,14.1524
2019-07-25,13.9542
2019-07-24,13.9326
2019-07-23,13.8933
2019-07-22,13.9225
2019-07-19,13.8574
2019-07-18,13.9938
2019-07-17,13.9769
2019-07-16,13.8849
2019-07-15,13.8938
2019-07-12,13.9174
2019-07-11,13.9502
2019-07-10,14.1986
2019-07-09,14.206
2019-07-08,14.1829
2019-07-05,14.0877
2019-07-04,13.9942
2019-07-03,14.1303
2019-07-02,14.2069
2019-07-01,14.1074
2019-06-28,14.1487
2019-06-27,14.1846
2019-06-26,14.3285
2019-06-25,14.3015
2019-06-24,14.271
2019-06-21,14.4013
2019-06-20,14.2252
2019-06-19,14.5187
2019-06-18,14.6827
2019-06-14,14.8474
2019-06-13,14.8449
2019-06-12,14.7488
2019-06-11,14.7474
2019-06-10,14.8669
2019-06-07,15.1165
2019-06-06,14.8874
2019-06-05,14.7427
2019-06-04,14.4255
2019-06-03,14.5738
2019-05-31,14.7581
2019-05-30,14.6307
2019-05-29,14.8641
2019-05-28,14.5746
2019-05-27,14.4258
2019-05-24,14.4264
2019-05-23,14.4599
2019-05-22,14.3649
2019-05-21,14.4655
2019-05-20,14.3674
2019-05-17,14.3363
2019-05-16,14.201
2019-05-15,14.2384
2019-05-14,14.254
2019-05-13,14.2849
2019-05-10,14.2549
2019-05-09,14.3995
2019-05-07,14.4626
2019-05-06,14.4702
2019-05-03,14.5492
2019-05-02,14.4268
2019-04-30,14.3319
2019-04-29,14.3278
2019-04-26,14.3816
2019-04-25,14.4946
2019-04-24,14.3474
2019-04-23,14.2165
2019-04-18,14.0699
2019-04-17,13.9475
2019-04-16,14.0435
2019-04-15,13.9349
2019-04-12,13.9581
2019-04-11,13.921
2019-04-10,14.0288
2019-04-09,14.061
2019-04-08,14.1405
2019-04-05,14.1024
2019-04-04,14.191
2019-04-03,14.1396
2019-04-02,14.2112
2019-04-01,14.2747
2019-03-29,14.5968
2019-03-28,14.6804
2019-03-27,14.4669
2019-03-26,14.3838
2019-03-25,14.481
2019-03-22,14.3451
2019-03-20,14.485
2019-03-19,14.4188
2019-03-18,14.4311
2019-03-15,14.4415
2019-03-14,14.446
2019-03-13,14.3633
2019-03-12,14.2649
2019-03-11,14.3446
2019-03-08,14.5496
2019-03-07,14.2824
2019-03-06,14.1935
2019-03-05,14.1902
2019-03-04,14.219
2019-03-01,14.1054
2019-02-28,13.9532
2019-02-27,13.8394
2019-02-26,13.8585
2019-02-25,13.8482
2019-02-22,13.9843
2019-02-21,13.9085
2019-02-20,14.1018
2019-02-19,14.1699
2019-02-18,14.1031
2019-02-15,14.1863
2019-02-14,14.1574
2019-02-13,13.756
2019-02-12,13.7721
2019-02-11,13.6242
2019-02-08,13.6505
2019-02-07,13.5913
2019-02-06,13.4499
2019-02-05,13.4101
2019-02-04,13.3568
2019-02-01,13.2966
2019-01-31,13.3249
2019-01-30,13.5932
2019-01-29,13.7068
2019-01-28,13.64
2019-01-25,13.6823
2019-01-24,13.7956
2019-01-23,13.919
2019-01-22,13.9176
2019-01-21,13.8848
2019-01-18,13.7631
2019-01-17,13.7387
2019-01-16,13.707
2019-01-15,13.822
2019-01-14,13.9269
2019-01-11,13.8401
2019-01-10,13.863
2019-01-09,13.9507
2019-01-08,13.9699
2019-01-07,13.9272
2019-01-04,14.1551
2019-01-03,14.487
2019-01-02,14.4348
2018-12-31,14.4116
2018-12-28,14.4371
2018-12-27,14.4695
2018-12-24,14.5446
2018-12-21,14.3181
2018-12-20,14.3409
2018-12-19,14.2786
2018-12-18,14.2545
2018-12-14,14.3498
2018-12-13,14.0873
2018-12-12,14.2702
2018-12-11,14.448
2018-12-10,14.1273
2018-12-07,14.0623
2018-12-06,13.8947
2018-12-05,13.7823
2018-12-04,13.6431
2018-12-03,13.5923
2018-11-30,13.7147
2018-11-29,13.6523
2018-11-28,13.9723
2018-11-27,13.8645
2018-11-26,13.7579
2018-11-23,13.7876
2018-11-22,13.931
2018-11-21,14.0324
2018-11-20,14.0135
2018-11-19,13.9304
2018-11-16,14.1681
2018-11-15,14.2479
2018-11-14,14.3977
2018-11-13,14.4033
2018-11-12,14.389
2018-11-09,14.2802
2018-11-08,13.9353
2018-11-07,14.0058
2018-11-06,14.216
2018-11-05,14.3874
2018-11-02,14.3016
2018-11-01,14.6199
2018-10-31,14.6506
2018-10-30,14.6333
2018-10-29,14.5506
2018-10-26,14.656
2018-10-25,14.547
2018-10-24,14.2548
2018-10-23,14.3722
2018-10-22,14.3249
2018-10-19,14.4162
2018-10-18,14.2116
2018-10-17,14.2353
2018-10-16,14.2974
2018-10-15,14.4741
2018-10-12,14.4774
2018-10-11,14.6587
2018-10-10,14.6266
2018-10-09,14.86
2018-10-08,14.9374
2018-10-05,14.7946
2018-10-04,14.7287
2018-10-03,14.3426
2018-10-02,14.3202
2018-10-01,14.109
2018-09-28,14.1581
2018-09-27,14.1595
2018-09-26,14.2923
2018-09-25,14.4062
2018-09-21,14.243
2018-09-20,14.4579
2018-09-19,14.7379
2018-09-18,14.904
2018-09-17,14.9919
2018-09-14,14.7924
2018-09-13,14.8524
2018-09-12,15.0289
2018-09-11,15.051
2018-09-10,15.16
2018-09-07,15.1412
2018-09-06,15.3164
2018-09-05,15.5487
2018-09-04,15.0512
2018-09-03,14.7238
2018-08-31,14.6545
2018-08-30,14.5954
2018-08-29,14.3791
2018-08-28,14.1545
2018-08-27,14.2986
2018-08-24,14.3141
2018-08-23,14.3578
2018-08-22,14.4359
2018-08-21,14.3838
2018-08-20,14.4698
2018-08-17,14.7038
2018-08-16,14.4624
2018-08-15,14.3246
2018-08-14,14.292
2018-08-13,14.4797
2018-08-10,13.9231
2018-08-08,13.3258
2018-08-07,13.3375
2018-08-06,13.386
2018-08-03,13.4584
2018-08-02,13.3216
2018-08-01,13.2809
2018-07-31,13.1591
2018-07-30,13.1967
2018-07-27,13.2126
2018-07-26,13.1899
2018-07-25,13.2486
2018-07-24,13.4718
2018-07-23,13.5361
2018-07-20,13.4712
2018-07-19,13.4013
2018-07-18,13.2873
2018-07-17,13.2592
2018-07-16,13.2485
2018-07-13,13.3321
2018-07-12,13.481
2018-07-11,13.4334
2018-07-10,13.3937
2018-07-09,13.4163
2018-07-06,13.5396
2018-07-05,13.6922
2018-07-04,13.711
2018-07-03,13.741
2018-07-02,13.7497
2018-06-29,13.7432
2018-06-28,13.8162
2018-06-27,13.6214
2018-06-26,13.533
2018-06-25,13.4609
2018-06-22,13.5607
2018-06-21,13.7081
2018-06-20,13.6965
2018-06-19,13.8802
2018-06-18,13.4661
2018-06-15,13.3907
2018-06-14,13.1803
2018-06-13,13.3752
2018-06-12,13.1821
2018-06-11,13.0899
2018-06-08,13.2609
2018-06-07,12.7019
2018-06-06,12.8058
2018-06-05,12.5494
2018-06-04,12.5824
2018-06-01,12.6638
2018-05-31,12.4805
2018-05-30,12.5843
2018-05-29,12.6205
2018-05-28,12.446
2018-05-25,12.4702
2018-05-24,12.4318
2018-05-23,12.6438
2018-05-22,12.5477
2018-05-21,12.8058
2018-05-18,12.5732
2018-05-17,12.4682
2018-05-16,12.5535
2018-05-15,12.4074
2018-05-14,12.2416
2018-05-11,12.3146
2018-05-10,12.4674
2018-05-09,12.6397
2018-05-08,12.577
2018-05-07,12.5266
2018-05-04,12.645
2018-05-03,12.6222
2018-05-02,12.6052
2018-04-30,12.3651
2018-04-26,12.3938
2018-04-25,12.426
2018-04-24,12.3029
2018-04-23,12.2311
2018-04-20,11.9969
2018-04-19,11.9429
2018-04-18,12.0029
2018-04-17,12.0305
2018-04-16,12.0609
2018-04-13,12.0478
2018-04-12,11.9932
2018-04-11,12.0429
2018-04-10,12.1081
2018-04-09,12.0349
2018-04-06,12.0635
2018-04-05,11.9202
2018-04-04,11.864
2018-04-03,11.8154
2018-03-29,11.8128
2018-03-28,11.6886
2018-03-27,11.6627
2018-03-26,11.636
2018-03-23,11.7932
2018-03-22,11.7855
2018-03-20,12.0042
2018-03-19,12.0635
2018-03-16,11.9285
2018-03-15,11.8138
2018-03-14,11.7579
2018-03-13,11.837
2018-03-12,11.8087
2018-03-09,11.9021
2018-03-08,11.8974
2018-03-07,11.8199
2018-03-06,11.8346
2018-03-05,11.9714
2018-03-02,11.8574
2018-03-01,11.8545
2018-02-28,11.7735
2018-02-27,11.577
2018-02-26,11.5604
2018-02-23,11.6382
2018-02-22,11.7177
2018-02-21,11.7154
2018-02-20,11.716
2018-02-19,11.6655
2018-02-16,11.6155
2018-02-15,11.665
2018-02-14,11.8674
2018-02-13,11.9255
2018-02-12,11.9721
2018-02-09,12.0832
2018-02-08,12.0852
2018-02-07,11.9469
2018-02-06,12.0987
2018-02-05,12.0416
2018-02-02,11.9532
2018-02-01,11.874
2018-01-31,11.8753
2018-01-30,12.0271
2018-01-29,11.9336
2018-01-26,11.8483
2018-01-25,11.9288
2018-01-24,11.996
2018-01-23,12.1146
2018-01-22,12.0524
2018-01-19,12.1518
2018-01-18,12.2445
2018-01-17,12.3055
2018-01-16,12.2532
2018-01-15,12.3682
2018-01-12,12.4182
2018-01-11,12.4626
2018-01-10,12.384
2018-01-09,12.423
2018-01-08,12.3946
2018-01-05,12.3477
2018-01-04,12.3018
2018-01-03,12.3954
2018-01-02,12.333
2017-12-29,12.294
2017-12-28,12.2566
2017-12-27,12.4921
2017-12-22,12.7144
2017-12-21,12.7682
2017-12-20,12.7063
2017-12-19,12.7394
2017-12-18,13.0693
2017-12-15,13.4802
2017-12-14,13.4695
2017-12-13,13.6267
2017-12-12,13.6146
2017-12-11,13.6608
2017-12-08,13.6988
2017-12-07,13.5954
2017-12-06,13.4916
2017-12-05,13.5186
2017-12-04,13.7535
2017-12-01,13.6687
2017-11-30,13.6423
2017-11-29,13.6385
2017-11-28,13.738
2017-11-27,14.013
2017-11-24,13.9383
2017-11-23,13.8496
2017-11-22,13.8975
2017-11-21,14.1012
2017-11-20,14.0419
2017-11-17,14.2125
2017-11-16,14.3315
2017-11-15,14.3449
2017-11-14,14.4606
2017-11-13,14.4217
2017-11-10,14.2788
2017-11-09,14.1496
2017-11-08,14.158
2017-11-07,14.1763
2017-11-06,14.2307
2017-11-03,14.0711
2017-11-02,13.9794
2017-11-01,14.1251
2017-10-31,14.0524
2017-10-30,14.0952
2017-10-27,14.2799
2017-10-26,14.181
2017-10-25,13.6611
2017-10-24,13.6619
2017-10-23,13.681
2017-10-20,13.6213
2017-10-19,13.5283
2017-10-18,13.4424
2017-10-17,13.3224
2017-10-16,13.3063
2017-10-13,13.3902
2017-10-12,13.4722
2017-10-11,13.5912
2017-10-10,13.7365
2017-10-09,13.7891
2017-10-06,13.6944
2017-10-05,13.5927
2017-10-04,13.5947
2017-10-03,13.6485
2017-10-02,13.6246
2017-09-29,13.4943
2017-09-28,13.6071
2017-09-27,13.466
2017-09-26,13.2977
2017-09-22,13.1908
2017-09-21,13.3476
2017-09-20,13.2923
2017-09-19,13.3274
2017-09-18,13.2024
2017-09-15,13.1399
2017-09-14,13.1293
2017-09-13,13.0443
2017-09-12,12.9233
2017-09-11,12.8736
2017-09-08,12.8247
2017-09-07,12.8128
2017-09-06,12.9216
2017-09-05,12.9677
2017-09-04,12.9535
2017-09-01,12.9576
2017-08-31,13.0274
2017-08-30,13.0285
2017-08-29,13.0524
2017-08-28,13.0521
2017-08-25,13.1516
2017-08-24,13.1991
2017-08-23,13.2366
2017-08-22,13.1933
2017-08-21,13.2058
2017-08-18,13.2385
2017-08-17,13.1752
2017-08-16,13.2668
2017-08-15,13.3194
2017-08-14,13.3532
2017-08-11,13.4937
2017-08-10,13.3931
2017-08-08,13.2272
2017-08-07,13.3987
2017-08-04,13.3518
2017-08-03,13.2676
2017-08-02,13.2812
2017-08-01,13.1918
2017-07-31,13.048
2017-07-28,13.0274
2017-07-27,12.9136
2017-07-26,13.0458
2017-07-25,12.9774
2017-07-24,12.9432
2017-07-21,12.9787
2017-07-20,12.9727
2017-07-19,12.9482
2017-07-18,12.9288
2017-07-17,12.9949
2017-07-14,13.1788
2017-07-13,13.2154
2017-07-12,13.4866
2017-07-11,13.5996
2017-07-10,13.335
2017-07-07,13.4716
2017-07-06,13.3822
2017-07-05,13.2391
2017-07-04,13.1819
2017-07-03,13.0921
2017-06-30,13.0817
2017-06-29,12.9507
2017-06-28,13.0093
2017-06-27,12.8429
2017-06-26,12.8696
2017-06-23,12.9279
2017-06-22,12.9729
2017-06-21,13.1058
2017-06-20,12.9943
2017-06-19,12.805
2017-06-15,12.7054
2017-06-14,12.7685
2017-06-13,12.7947
2017-06-12,12.8987
2017-06-09,12.9313
2017-06-08,12.8532
2017-06-07,12.847
2017-06-06,12.7677
2017-06-05,12.7078
2017-06-02,12.9424
2017-06-01,13.0679
2017-05-31,13.0941
2017-05-30,13.0161
2017-05-29,12.9393
2017-05-26,12.9424
2017-05-25,12.9086
2017-05-24,13.0254
2017-05-23,13.2763
2017-05-22,13.2165
2017-05-19,13.2874
2017-05-18,13.3886
2017-05-17,13.1468
2017-05-16,13.1097
2017-05-15,13.284
2017-05-12,13.4094
2017-05-11,13.3984
2017-05-10,13.5624
2017-05-09,13.6653
2017-05-08,13.5031
2017-05-05,13.648
2017-05-04,13.5163
2017-05-03,13.3571
2017-05-02,13.2827
2017-04-28,13.3066
2017-04-26,13.1277
2017-04-25,13.0596
2017-04-24,12.9132
2017-04-21,13.1604
2017-04-20,13.1969
2017-04-19,13.3732
2017-04-18,13.3608
2017-04-13,13.4965
2017-04-12,13.766
2017-04-11,13.8796
2017-04-10,13.9065
2017-04-07,13.7402
2017-04-06,13.7463
2017-04-05,13.6152
2017-04-04,13.8158
2017-04-03,13.577
2017-03-31,13.4599
2017-03-30,12.9542
2017-03-29,13.0674
2017-03-28,12.8447
2017-03-27,12.3576
2017-03-24,12.4908
2017-03-23,12.5544
2017-03-22,12.6632
2017-03-20,12.6549
2017-03-17,12.7665
2017-03-16,12.7461
2017-03-15,13.1023
2017-03-14,13.2302
2017-03-13,13.1239
2017-03-10,13.306
2017-03-09,13.2168
2017-03-08,12.9887
2017-03-07,12.9609
2017-03-06,13.0037
2017-03-03,13.126
2017-03-02,13.0582
2017-03-01,13.0927
2017-02-28,13.0141
2017-02-27,12.9714
2017-02-24,12.9128
2017-02-23,12.9296
2017-02-22,13.0777
2017-02-21,13.1186
2017-02-20,13.1577
2017-02-17,13.0135
2017-02-16,12.9258
2017-02-15,13.0132
2017-02-14,13.2302
2017-02-13,13.2968
2017-02-10,13.3847
2017-02-09,13.441
2017-02-08,13.4933
2017-02-07,13.4227
2017-02-06,13.2932
2017-02-03,13.4353
2017-02-02,13.3507
2017-02-01,13.4899
2017-01-31,13.5219
2017-01-30,13.6344
2017-01-27,13.4688
2017-01-26,13.2268
2017-01-25,13.3469
2017-01-24,13.4647
2017-01-23,13.5322
2017-01-20,13.5193
2017-01-19,13.5735
2017-01-18,13.5229
2017-01-17,13.4952
2017-01-16,13.6035
2017-01-13,13.5366
2017-01-12,13.6166
2017-01-11,13.7096
2017-01-10,13.6318
2017-01-09,13.7373
2017-01-06,13.6854
2017-01-05,13.5763
2017-01-04,13.7164
2017-01-03,13.7254
2016-12-30,13.6282
2016-12-29,13.7374
2016-12-28,13.9404
2016-12-23,14.0217
2016-12-22,13.9726
2016-12-21,13.9685
2016-12-20,14.1177
2016-12-19,13.9821
2016-12-15,14.0357
2016-12-14,13.6215
2016-12-13,13.5938
2016-12-12,13.8455
2016-12-09,13.7352
2016-12-08,13.5266
2016-12-07,13.6527
2016-12-06,13.693
2016-12-05,13.8069
2016-12-02,14.0696
2016-12-01,13.9822
2016-11-30,13.9918
2016-11-29,13.8499
2016-11-28,13.8572
2016-11-25,14.0599
2016-11-24,14.2163
2016-11-23,14.0987
2016-11-22,14.1399
2016-11-21,14.3638
2016-11-18,14.5491
2016-11-17,14.2963
2016-11-16,14.2208
2016-11-15,14.1777
2016-11-14,14.454
2016-11-11,14.2372
2016-11-10,13.3743
2016-11-09,13.5135
2016-11-08,13.4174
2016-11-07,13.5353
2016-11-04,13.5043
2016-11-03,13.4762
2016-11-02,13.486
2016-11-01,13.5033
2016-10-31,13.7383
2016-10-28,13.9372
2016-10-27,13.8906
2016-10-26,13.7222
2016-10-25,13.8599
2016-10-24,13.8812
2016-10-21,14.0436
2016-10-20,13.9203
2016-10-19,13.9
2016-10-18,14.0369
2016-10-17,14.3507
2016-10-14,14.2449
2016-10-13,14.3599
2016-10-12,14.4137
2016-10-11,14.1472
2016-10-10,13.7818
2016-10-07,13.92
2016-10-06,13.7536
2016-10-05,13.7419
2016-10-04,13.6163
2016-10-03,13.6339
2016-09-30,13.9679
2016-09-29,13.6613
2016-09-28,13.459
2016-09-27,13.5643
2016-09-26,13.696
2016-09-23,13.596
2016-09-22,13.4265
2016-09-21,13.7783
2016-09-20,13.9122
2016-09-19,14.1177
2016-09-16,14.1289
2016-09-15,14.3549
2016-09-14,14.3289
2016-09-13,14.2779
2016-09-12,14.5416
2016-09-09,14.2696
2016-09-08,13.9718
2016-09-07,14.0174
2016-09-06,14.2719
2016-09-05,14.3902
2016-09-02,14.6663
2016-09-01,14.6482
2016-08-31,14.4331
2016-08-30,14.3969
2016-08-29,14.4271
2016-08-26,14.181
2016-08-25,14.1437
2016-08-24,14.0297
2016-08-23,13.447
2016-08-22,13.6194
2016-08-19,13.5118
2016-08-18,13.2748
2016-08-17,13.4103
2016-08-16,13.2747
2016-08-15,13.4152
2016-08-12,13.3854
2016-08-11,13.3455
2016-08-10,13.3829
2016-08-08,13.6461
2016-08-05,13.6935
2016-08-04,13.8602
2016-08-02,13.9849
2016-08-01,13.794
2016-07-29,14.1532
2016-07-28,14.2082
2016-07-27,14.2897
2016-07-26,14.381
2016-07-25,14.3126
2016-07-22,14.2208
2016-07-21,14.2739
2016-07-20,14.2943
2016-07-19,14.3062
2016-07-18,14.3305
2016-07-15,14.314
2016-07-14,14.3514
2016-07-13,14.402
2016-07-12,14.3199
2016-07-11,14.6031
2016-07-08,14.727
2016-07-07,14.6074
2016-07-06,14.8785
2016-07-05,14.7581
2016-07-04,14.5289
2016-07-01,14.683
2016-06-30,14.7626
2016-06-29,15.03
2016-06-28,15.1829
2016-06-27,15.1128
2016-06-24,14.921
2016-06-23,14.5034
2016-06-22,14.7195
2016-06-21,14.696
2016-06-20,14.9341
2016-06-17,15.1978
2016-06-15,15.286
2016-06-14,15.361
2016-06-13,15.1393
2016-06-10,14.9059
2016-06-09,14.8478
2016-06-08,14.9294
2016-06-07,14.8572
2016-06-06,15.0746
2016-06-03,15.5935
2016-06-02,15.6025
2016-06-01,15.6539
2016-05-31,15.8249
2016-05-30,15.7872
2016-05-27,15.5415
2016-05-26,15.5919
2016-05-25,15.6453
2016-05-24,15.8081
2016-05-23,15.5716
2016-05-20,15.7639
2016-05-19,15.8446
2016-05-18,15.8352
2016-05-17,15.5716
2016-05-16,15.4464
2016-05-13,15.1152
2016-05-12,14.9478
2016-05-11,15.2598
2016-05-10,15.2379
2016-05-09,14.9539
2016-05-06,15.0107
2016-05-05,14.8984
2016-05-04,14.7936
2016-05-03,14.2811
2016-04-29,14.2182
2016-04-28,14.4328
2016-04-26,14.4917
2016-04-25,14.485
2016-04-22,14.3205
2016-04-21,14.2697
2016-04-20,14.2476
2016-04-19,14.4027
2016-04-18,14.6705
2016-04-15,14.4954
2016-04-14,14.6402
2016-04-13,14.7577
2016-04-12,14.692
2016-04-11,14.8226
2016-04-08,15.0808
2016-04-07,15.1191
2016-04-06,15.179
2016-04-05,14.9157
2016-04-04,14.7633
2016-04-01,14.7481
2016-03-31,14.882
2016-03-30,15.0792
2016-03-29,15.4892
2016-03-24,15.4052
2016-03-23,15.2565
2016-03-22,15.271
2016-03-18,15.3048
2016-03-17,15.6123
2016-03-16,16.0393
2016-03-15,15.6404
2016-03-14,15.3176
2016-03-11,15.2328
2016-03-10,15.1746
2016-03-09,15.4467
2016-03-08,15.4052
2016-03-07,15.3372
2016-03-04,15.6512
2016-03-03,15.6349
2016-03-02,15.67
2016-03-01,15.6814
2016-02-29,16.141
2016-02-26,15.5424
2016-02-25,15.6405
2016-02-24,15.2324
2016-02-23,15.2497
2016-02-22,15.3652
2016-02-19,15.4273
2016-02-18,15.4909
2016-02-17,15.8273
2016-02-16,15.7557
2016-02-15,15.8054
2016-02-12,15.7866
2016-02-11,15.9739
2016-02-10,15.9104
2016-02-09,16.1688
2016-02-08,15.9308
2016-02-05,15.9154
2016-02-04,15.9734
2016-02-03,16.1954
2016-02-02,15.9763
2016-02-01,15.958
2016-01-29,16.0981
2016-01-28,16.3249
2016-01-27,16.4279
2016-01-26,16.6011
2016-01-25,16.515
2016-01-22,16.5145
2016-01-21,16.7924
2016-01-20,16.8927
2016-01-19,16.6237
2016-01-18,16.6949
2016-01-15,16.5924
2016-01-14,16.6217
2016-01-13,16.4968
2016-01-12,16.8822
2016-01-11,16.6024
2016-01-08,16.0307
2016-01-07,16.0472
2016-01-06,15.7759
2016-01-05,15.6087
2016-01-04,15.6393
2015-12-31,15.5742
2015-12-30,15.3689
2015-12-29,15.2775
2015-12-28,15.284
2015-12-24,15.1861
2015-12-23,15.1817
2015-12-22,15.0904
2015-12-21,15.0367
2015-12-18,15.1983
2015-12-17,14.9449
2015-12-15,15.0388
2015-12-14,15.0795
2015-12-11,15.415
2015-12-10,14.9762
2015-12-09,14.5743
2015-12-08,14.536
2015-12-07,14.405
2015-12-04,14.3721
2015-12-03,14.3328
2015-12-02,14.3735
2015-12-01,14.4132
2015-11-30,14.3856
2015-11-27,14.351
2015-11-26,14.193
2015-11-25,14.0654
2015-11-24,14.115
2015-11-23,14.0462
2015-11-20,13.9858
2015-11-19,14.1216
2015-11-18,14.2497
2015-11-17,14.3616
2015-11-16,14.386
2015-11-13,14.3095
2015-11-12,14.1738
2015-11-11,14.1929
2015-11-10,14.261
2015-11-09,14.195
2015-11-06,13.8956
2015-11-05,13.9346
2015-11-04,13.8244
2015-11-03,13.7823
2015-11-02,13.8104
2015-10-30,13.8167
2015-10-29,13.7982
2015-10-28,13.7029
2015-10-27,13.7129
2015-10-26,13.6845
2015-10-23,13.3861
2015-10-22,13.5546
2015-10-21,13.4018
2015-10-20,13.2276
2015-10-19,13.0422
2015-10-16,13.155
2015-10-15,13.1644
2015-10-14,13.4354
2015-10-13,13.4549
2015-10-12,13.2917
2015-10-09,13.3634
2015-10-08,13.4864
2015-10-07,13.4249
2015-10-06,13.6689
2015-10-05,13.6439
2015-10-02,13.9086
2015-10-01,13.7701
2015-09-30,13.8143
2015-09-29,14.0139
2015-09-28,13.8704
2015-09-25,13.7437
2015-09-23,13.694
2015-09-22,13.5308
2015-09-21,13.3584
2015-09-18,13.1917
2015-09-17,13.3403
2015-09-16,13.4675
2015-09-15,13.418
2015-09-14,13.5706
2015-09-11,13.6474
2015-09-10,13.8453
2015-09-09,13.6312
2015-09-08,13.8877
2015-09-07,13.8937
2015-09-04,13.6398
2015-09-03,13.491
2015-09-02,13.4807
2015-09-01,13.2975
2015-08-31,13.3406
2015-08-28,13.1934
2015-08-27,13.0257
2015-08-26,13.1407
2015-08-25,13.0908
2015-08-24,13.2126
2015-08-21,12.901
2015-08-20,12.9727
2015-08-19,12.8751
2015-08-18,12.9166
2015-08-17,12.8763
2015-08-14,12.8471
2015-08-13,12.785
2015-08-12,12.8195
2015-08-11,12.7
2015-08-07,12.7182
2015-08-06,12.7576
2015-08-05,12.7472
2015-08-04,12.6402
2015-08-03,12.7316
2015-07-31,12.7397
2015-07-30,12.6221
2015-07-29,12.5755
2015-07-28,12.617
2015-07-27,12.5929
2015-07-24,12.5028
2015-07-23,12.4149
2015-07-22,12.3565
2015-07-21,12.4077
2015-07-20,12.4343
2015-07-17,12.3395
2015-07-16,12.4108
2015-07-15,12.3746
2015-07-14,12.4405
2015-07-13,12.4565
2015-07-10,12.4056
2015-07-09,12.4846
2015-07-08,12.5421
2015-07-07,12.4945
2015-07-06,12.4056
2015-07-03,12.2956
2015-07-02,12.3136
2015-07-01,12.1849
2015-06-30,12.2406
2015-06-29,12.2578
2015-06-26,12.1186
2015-06-25,12.1146
2015-06-24,12.1504
2015-06-23,12.1566
2015-06-22,12.1688
2015-06-19,12.2726
2015-06-18,12.1726
2015-06-17,12.4413
2015-06-15,12.4058
2015-06-12,12.4277
2015-06-11,12.4132
2015-06-10,12.3651
2015-06-09,12.5159
2015-06-08,12.574
2015-06-05,12.4304
2015-06-04,12.3726
2015-06-03,12.2206
2015-06-02,12.2827
2015-06-01,12.2621
2015-05-29,12.1545
2015-05-28,12.049
2015-05-27,12.0279
2015-05-26,11.9952
2015-05-25,11.9676
2015-05-22,11.81
2015-05-21,11.7952
2015-05-20,11.9488
2015-05-19,11.8639
2015-05-18,11.8381
2015-05-15,11.7938
2015-05-14,11.9045
2015-05-13,11.9679
2015-05-12,12.1083
2015-05-11,11.9702
2015-05-08,12.0174
2015-05-07,12.0879
2015-05-06,12.004
2015-05-05,12.0664
2015-05-04,12.0282
2015-04-30,11.7889
2015-04-29,11.839
2015-04-28,12.006
2015-04-24,12.1261
2015-04-23,12.275
2015-04-22,12.1286
2015-04-21,12.1563
2015-04-20,12.003
2015-04-17,11.9492
2015-04-16,12.052
2015-04-15,12.094
2015-04-14,12.13
2015-04-13,12.1278
2015-04-10,11.9798
2015-04-09,11.8572
2015-04-08,11.8252
2015-04-07,11.8365
2015-04-02,11.9615
2015-04-01,12.1024
2015-03-31,12.202
2015-03-30,12.0841
2015-03-27,12.0268
2015-03-26,11.8448
2015-03-25,11.7766
2015-03-24,11.9197
2015-03-23,12.1328
2015-03-20,12.2632
2015-03-19,12.2198
2015-03-18,12.37
2015-03-17,12.3909
2015-03-16,12.4175
2015-03-13,12.3327
2015-03-12,12.1668
2015-03-11,12.2646
2015-03-10,12.2063
2015-03-09,12.0427
2015-03-06,11.7979
2015-03-05,11.798
2015-03-04,11.7877
2015-03-03,11.7527
2015-03-02,11.7144
2015-02-27,11.5039
2015-02-26,11.3924
2015-02-25,11.4346
2015-02-24,11.657
2015-02-23,11.7003
2015-02-20,11.6422
2015-02-19,11.5691
2015-02-18,11.7083
2015-02-17,11.6562
2015-02-16,11.6289
2015-02-13,11.7355
2015-02-12,11.7872
2015-02-11,11.758
2015-02-10,11.5546
2015-02-09,11.5354
2015-02-06,11.2955
2015-02-05,11.4341
2015-02-04,11.417
2015-02-03,11.5321
2015-02-02,11.6065
2015-01-30,11.5517
2015-01-29,11.6109
2015-01-28,11.5498
2015-01-27,11.4698
2015-01-26,11.4373
2015-01-23,11.3966
2015-01-22,11.5398
2015-01-21,11.5698
2015-01-20,11.64
2015-01-19,11.566
2015-01-16,11.5172
2015-01-15,11.4487
2015-01-14,11.5953
2015-01-13,11.4898
2015-01-12,11.5012
2015-01-09,11.5898
2015-01-08,11.6426
2015-01-07,11.7248
2015-01-06,11.7264
2015-01-05,11.7071
2015-01-02,11.6219
2014-12-31,11.5719
2014-12-30,11.622
2014-12-29,11.6049
2014-12-24,11.6497
2014-12-23,11.5662
2014-12-22,11.5905
2014-12-19,11.6101
2014-12-18,11.5622
2014-12-17,11.7415
2014-12-15,11.5652
2014-12-12,11.5966
2014-12-11,11.5047
2014-12-10,11.4868
2014-12-09,11.5024
2014-12-08,11.4246
2014-12-05,11.2156
2014-12-04,11.1851
2014-12-03,11.1562
2014-12-02,11.0345
2014-12-01,11.1059
2014-11-28,11.0348
2014-11-27,10.9649
2014-11-26,10.9594
2014-11-25,11.0318
2014-11-24,10.9584
2014-11-21,10.9513
2014-11-20,11.0435
2014-11-19,11.0196
2014-11-18,11.0869
2014-11-17,11.0954
2014-11-14,11.2169
2014-11-13,11.1939
2014-11-12,11.2223
2014-11-11,11.3157
2014-11-10,11.2159
2014-11-07,11.3025
2014-11-06,11.1415
2014-11-05,11.1338
2014-11-04,11.0385
2014-11-03,11.0665
2014-10-31,10.8578
2014-10-30,10.9789
2014-10-29,10.8364
2014-10-28,10.9332
2014-10-27,10.9509
2014-10-24,10.9692
2014-10-23,10.9355
2014-10-22,11.0339
2014-10-21,10.9876
2014-10-20,11.0659
2014-10-17,11.095
2014-10-16,11.1518
2014-10-15,11.0685
2014-10-14,11.0894
2014-10-13,11.047
2014-10-10,11.1219
2014-10-09,11.022
2014-10-08,11.2101
2014-10-07,11.2118
2014-10-06,11.2696
2014-10-03,11.2138
2014-10-02,11.1845
2014-10-01,11.3295
2014-09-30,11.2416
2014-09-29,11.2845
2014-09-26,11.1778
2014-09-25,11.1736
2014-09-23,11.1202
2014-09-22,11.1402
2014-09-19,11.0708
2014-09-18,10.9852
2014-09-17,10.9309
2014-09-16,10.9399
2014-09-15,11.0719
2014-09-12,10.9895
2014-09-11,10.8367
2014-09-10,10.9955
2014-09-09,10.8825
2014-09-08,10.7625
2014-09-05,10.7434
2014-09-04,10.6799
2014-09-03,10.6919
2014-09-02,10.6934
2014-09-01,10.6722
2014-08-29,10.6038
2014-08-28,10.6435
2014-08-27,10.6418
2014-08-26,10.6879
2014-08-25,10.692
2014-08-22,10.6905
2014-08-21,10.7064
2014-08-20,10.6652
2014-08-19,10.632
2014-08-18,10.5909
2014-08-15,10.5469
2014-08-14,10.5873
2014-08-13,10.6268
2014-08-12,10.6609
2014-08-11,10.6983
2014-08-08,10.7889
2014-08-07,10.7312
2014-08-06,10.7716
2014-08-05,10.6295
2014-08-04,10.6659
2014-08-01,10.7297
2014-07-31,10.7058
2014-07-30,10.6001
2014-07-29,10.614
2014-07-28,10.5317
2014-07-25,10.5406
2014-07-24,10.5202
2014-07-23,10.5214
2014-07-22,10.6254
2014-07-21,10.6326
2014-07-18,10.6972
2014-07-17,10.6684
2014-07-16,10.694
2014-07-15,10.7074
2014-07-14,10.7268
2014-07-11,10.7156
2014-07-10,10.7058
2014-07-09,10.6729
2014-07-08,10.7043
2014-07-07,10.8215
2014-07-04,10.7516
2014-07-03,10.7787
2014-07-02,10.7059
2014-07-01,10.6172
2014-06-30,10.6135
2014-06-27,10.6177
2014-06-26,10.6113
2014-06-25,10.6137
2014-06-24,10.5625
2014-06-23,10.6537
2014-06-20,10.7115
2014-06-19,10.6188
2014-06-18,10.7996
2014-06-17,10.7422
2014-06-13,10.7379
2014-06-12,10.7429
2014-06-11,10.7876
2014-06-10,10.7058
2014-06-09,10.5698
2014-06-06,10.6506
2014-06-05,10.743
2014-06-04,10.7979
2014-06-03,10.6638
2014-06-02,10.5829
2014-05-30,10.4422
2014-05-29,10.4201
2014-05-28,10.4906
2014-05-27,10.4022
2014-05-26,10.3364
2014-05-23,10.3489
2014-05-22,10.3808
2014-05-21,10.4435
2014-05-20,10.4459
2014-05-19,10.3439
2014-05-16,10.3988
2014-05-15,10.3248
2014-05-14,10.2815
2014-05-13,10.3334
2014-05-12,10.3528
2014-05-09,10.3366
2014-05-08,10.373
2014-05-06,10.5228
2014-05-05,10.4776
2014-05-02,10.5145
2014-04-30,10.5525
2014-04-29,10.5793
2014-04-25,10.6279
2014-04-24,10.5933
2014-04-23,10.5916
2014-04-22,10.5394
2014-04-17,10.5257
2014-04-16,10.5459
2014-04-15,10.5219
2014-04-14,10.5622
2014-04-11,10.4505
2014-04-10,10.3964
2014-04-09,10.4359
2014-04-08,10.4282
2014-04-07,10.5622
2014-04-04,10.6495
2014-04-03,10.6541
2014-04-02,10.5997
2014-04-01,10.5794
2014-03-31,10.5953
2014-03-28,10.6139
2014-03-27,10.7219
2014-03-26,10.7413
2014-03-25,10.8205
2014-03-24,10.8516
2014-03-20,10.8729
2014-03-19,10.6952
2014-03-18,10.7722
2014-03-17,10.6949
2014-03-14,10.7768
2014-03-13,10.7771
2014-03-12,10.9062
2014-03-11,10.7272
2014-03-10,10.7354
2014-03-07,10.6126
2014-03-06,10.668
2014-03-05,10.7554
2014-03-04,10.8299
2014-03-03,10.7799
2014-02-28,10.7175
2014-02-27,10.8085
2014-02-26,10.7483
2014-02-25,10.8308
2014-02-24,10.9475
2014-02-21,11.0272
2014-02-20,11.0848
2014-02-19,10.9376
2014-02-18,10.8761
2014-02-17,10.8524
2014-02-14,10.9946
2014-02-13,11.0495
2014-02-12,10.9492
2014-02-11,11.1253
2014-02-10,11.1395
2014-02-07,11.041
2014-02-06,11.1428
2014-02-05,11.1238
2014-02-04,11.1804
2014-02-03,11.1558
2014-01-31,11.1715
2014-01-30,11.3573
2014-01-29,10.9749
2014-01-28,11.0593
2014-01-27,11.1939
2014-01-24,11.0118
2014-01-23,10.9175
2014-01-22,10.8085
2014-01-21,10.8425
2014-01-20,10.8811
2014-01-17,10.8662
2014-01-16,10.9422
2014-01-15,10.8648
2014-01-14,10.8629
2014-01-13,10.7084
2014-01-10,10.7647
2014-01-09,10.8024
2014-01-08,10.6668
2014-01-07,10.6659
2014-01-06,10.6925
2014-01-03,10.6148
2014-01-02,10.5916
2013-12-31,10.4675
2013-12-30,10.4623
2013-12-27,10.3505
2013-12-24,10.3439
2013-12-23,10.3442
2013-12-20,10.4429
2013-12-19,10.3313
2013-12-18,10.3329
2013-12-17,10.2982
2013-12-13,10.4036
2013-12-12,10.3885
2013-12-11,10.3516
2013-12-10,10.3528
2013-12-09,10.3311
2013-12-06,10.473
2013-12-05,10.4849
2013-12-04,10.3761
2013-12-03,10.2942
2013-12-02,10.1627
2013-11-29,10.1911
2013-11-28,10.2267
2013-11-27,10.1488
2013-11-26,10.0959
2013-11-25,10.0708
2013-11-22,10.1217
2013-11-21,10.1658
2013-11-20,10.1689
2013-11-19,10.1004
2013-11-18,10.1485
2013-11-15,10.2163
2013-11-14,10.296
2013-11-13,10.3584
2013-11-12,10.4147
2013-11-11,10.3288
2013-11-08,10.2768
2013-11-07,10.2698
2013-11-06,10.2261
2013-11-05,10.1658
2013-11-04,10.1638
2013-11-01,10.0631
2013-10-31,9.956
2013-10-30,9.8816
2013-10-29,9.8553
2013-10-28,9.793
2013-10-25,9.8168
2013-10-24,9.7743
2013-10-23,9.8018
2013-10-22,9.85
2013-10-21,9.8315
2013-10-18,9.8424
2013-10-17,9.8592
2013-10-16,9.9662
2013-10-15,9.896
2013-10-14,9.9189
2013-10-11,9.8931
2013-10-10,9.9721
2013-10-09,10.0001
2013-10-08,9.9887
2013-10-07,10.0384
2013-10-04,10.0136
2013-10-03,10.0572
2013-10-02,10.1287
2013-10-01,9.9807
2013-09-30,10.1012
2013-09-27,10.1036
2013-09-26,9.9777
2013-09-25,9.854
2013-09-23,9.8667
2013-09-20,9.7323
2013-09-19,9.6222
2013-09-18,9.8341
2013-09-17,9.8282
2013-09-16,9.7614
2013-09-13,9.9675
2013-09-12,9.9333
2013-09-11,9.9367
2013-09-10,10.0149
2013-09-09,9.9774
2013-09-06,10.1845
2013-09-05,10.2977
2013-09-04,10.2557
2013-09-03,10.2758
2013-09-02,10.2059
2013-08-30,10.3348
2013-08-29,10.3204
2013-08-28,10.3969
2013-08-27,10.4363
2013-08-26,10.2417
2013-08-23,10.1922
2013-08-22,10.3141
2013-08-21,10.2277
2013-08-20,10.1825
2013-08-19,10.1187
2013-08-16,9.984
2013-08-15,9.9163
2013-08-14,9.992
2013-08-13,9.9173
2013-08-12,9.8575
2013-08-08,9.8878
2013-08-07,9.9347
2013-08-06,9.8393
2013-08-05,9.8098
2013-08-02,10.0203
2013-08-01,9.8915
2013-07-31,9.8551
2013-07-30,9.8168
2013-07-29,9.8185
2013-07-26,9.6993
2013-07-25,9.7847
2013-07-24,9.6933
2013-07-23,9.817
2013-07-22,9.8126
2013-07-19,9.9104
2013-07-18,9.8415
2013-07-17,9.8604
2013-07-16,9.9081
2013-07-15,9.9116
2013-07-12,10.034
2013-07-11,9.938
2013-07-10,10.0028
2013-07-09,10.062
2013-07-08,10.2698
2013-07-05,10.0284
2013-07-04,10.0562
2013-07-03,10.0616
2013-07-02,9.898
2013-07-01,9.8918
2013-06-28,9.9655
2013-06-27,10.0445
2013-06-26,10.0604
2013-06-25,9.9696
2013-06-24,10.2195
2013-06-21,10.2354
2013-06-20,10.2832
2013-06-19,9.9223
2013-06-18,10.0265
2013-06-14,9.8735
2013-06-13,10.0322
2013-06-12,9.9853
2013-06-11,10.2511
2013-06-10,10.1561
2013-06-07,9.9308
2013-06-06,9.9987
2013-06-05,9.8587
2013-06-04,9.766
2013-06-03,10.0406
2013-05-31,10.1985
2013-05-30,9.7869
2013-05-29,9.8325
2013-05-28,9.6863
2013-05-27,9.6032
2013-05-24,9.5356
2013-05-23,9.6623
2013-05-22,9.5215
2013-05-21,9.4979
2013-05-20,9.3931
2013-05-17,9.4113
2013-05-16,9.3094
2013-05-15,9.2575
2013-05-14,9.1962
2013-05-13,9.0973
2013-05-10,9.0547
2013-05-09,8.9974
2013-05-08,9.0483
2013-05-07,9.0356
2013-05-06,8.9623
2013-05-03,8.9527
2013-05-02,9.0441
2013-04-30,8.9686
2013-04-29,9.0641
2013-04-26,9.1508
2013-04-25,9.0875
2013-04-24,9.2177
2013-04-23,9.3004
2013-04-22,9.2977
2013-04-19,9.1533
2013-04-18,9.1755
2013-04-17,9.1411
2013-04-16,9.2137
2013-04-15,9.017
2013-04-12,8.9339
2013-04-11,8.8762
2013-04-10,8.9074
2013-04-09,8.9786
2013-04-08,9.0625
2013-04-05,9.1574
2013-04-04,9.2699
2013-04-03,9.2332
2013-04-02,9.1912
2013-03-28,9.2521
2013-03-27,9.2861
2013-03-26,9.2576
2013-03-25,9.2372
2013-03-22,9.3247
2013-03-20,9.2178
2013-03-19,9.2023
2013-03-18,9.2196
2013-03-15,9.191
2013-03-14,9.2442
2013-03-13,9.1464
2013-03-12,9.2005
2013-03-11,9.1116
2013-03-08,9.1336
2013-03-07,9.1014
2013-03-06,9.0333
2013-03-05,9.0591
2013-03-04,9.0864
2013-03-01,9.0296
2013-02-28,8.841
2013-02-27,8.8387
2013-02-26,8.8343
2013-02-25,8.8673
2013-02-22,8.8681
2013-02-21,8.9016
2013-02-20,8.8461
2013-02-19,8.9228
2013-02-18,8.8402
2013-02-15,8.8109
2013-02-14,8.8742
2013-02-13,8.907
2013-02-12,8.969
2013-02-11,8.8811
2013-02-08,8.9401
2013-02-07,8.8888
2013-02-06,8.8542
2013-02-05,8.9181
2013-02-04,8.8862
2013-02-01,8.9682
2013-01-31,9.0582
2013-01-30,9.0366
2013-01-29,9.0908
2013-01-28,8.9655
2013-01-25,8.9902
2013-01-24,9.0414
2013-01-23,8.8941
2013-01-22,8.8375
2013-01-21,8.8749
2013-01-18,8.8528
2013-01-17,8.7784
2013-01-16,8.8642
2013-01-15,8.7311
2013-01-14,8.7209
2013-01-11,8.6734
2013-01-10,8.5965
2013-01-09,8.5716
2013-01-08,8.5882
2013-01-07,8.6089
2013-01-04,8.6295
2013-01-03,8.5224
2013-01-02,8.4478
2012-12-31,8.4838
2012-12-28,8.5031
2012-12-27,8.5695
2012-12-24,8.566
2012-12-21,8.5461
2012-12-20,8.5083
2012-12-19,8.4822
2012-12-18,8.5607
2012-12-14,8.6507
2012-12-13,8.6418
2012-12-12,8.6763
2012-12-11,8.6635
2012-12-10,8.6756
2012-12-07,8.7031
2012-12-06,8.755
2012-12-05,8.7957
2012-12-04,8.8523
2012-12-03,8.8895
2012-11-30,8.7732
2012-11-29,8.7818
2012-11-28,8.8407
2012-11-27,8.8384
2012-11-26,8.8582
2012-11-23,8.9432
2012-11-22,8.9418
2012-11-21,8.9105
2012-11-20,8.8608
2012-11-19,8.8479
2012-11-16,8.8887
2012-11-15,8.9172
2012-11-14,8.8008
2012-11-13,8.8
2012-11-12,8.7015
2012-11-09,8.6961
2012-11-08,8.6527
2012-11-07,8.6028
2012-11-06,8.7371
2012-11-05,8.7925
2012-11-02,8.6582
2012-11-01,8.6579
2012-10-31,8.6235
2012-10-30,8.6632
2012-10-29,8.6788
2012-10-26,8.7508
2012-10-25,8.7025
2012-10-24,8.7889
2012-10-23,8.7069
2012-10-22,8.6278
2012-10-19,8.653
2012-10-18,8.6214
2012-10-17,8.7112
2012-10-16,8.7676
2012-10-15,8.7426
2012-10-12,8.6288
2012-10-11,8.6658
2012-10-10,8.67
2012-10-09,8.8389
2012-10-08,8.8591
2012-10-05,8.6497
2012-10-04,8.476
2012-10-03,8.4275
2012-10-02,8.3413
2012-10-01,8.2804
2012-09-28,8.2222
2012-09-27,8.2042
2012-09-26,8.2197
2012-09-25,8.199
2012-09-21,8.2786
2012-09-20,8.3399
2012-09-19,8.197
2012-09-18,8.2666
2012-09-17,8.2728
2012-09-14,8.2598
2012-09-13,8.3826
2012-09-12,8.189
2012-09-11,8.2214
2012-09-10,8.2093
2012-09-07,8.2401
2012-09-06,8.369
2012-09-05,8.4598
2012-09-04,8.3611
2012-09-03,8.4119
2012-08-31,8.4314
2012-08-30,8.4361
2012-08-29,8.4197
2012-08-28,8.4112
2012-08-27,8.3999
2012-08-24,8.3737
2012-08-23,8.2623
2012-08-22,8.2915
2012-08-21,8.263
2012-08-20,8.3086
2012-08-17,8.2673
2012-08-16,8.2556
2012-08-15,8.2
2012-08-14,8.11
2012-08-13,8.1323
2012-08-10,8.1377
2012-08-08,8.1854
2012-08-07,8.1675
2012-08-06,8.1675
2012-08-03,8.3026
2012-08-02,8.3259
2012-08-01,8.2324
2012-07-31,8.2074
2012-07-30,8.2105
2012-07-27,8.2425
2012-07-26,8.4238
2012-07-25,8.4836
2012-07-24,8.4519
2012-07-23,8.4059
2012-07-20,8.1902
2012-07-19,8.1372
2012-07-18,8.1908
2012-07-17,8.1829
2012-07-16,8.2584
2012-07-13,8.3333
2012-07-12,8.3113
2012-07-11,8.1897
2012-07-10,8.2276
2012-07-09,8.2748
2012-07-06,8.1596
2012-07-05,8.1574
2012-07-04,8.1116
2012-07-03,8.1298
2012-07-02,8.1737
2012-06-29,8.3075
2012-06-28,8.4405
2012-06-27,8.4262
2012-06-26,8.4574
2012-06-25,8.4485
2012-06-22,8.3833
2012-06-21,8.2616
2012-06-20,8.2201
2012-06-19,8.3134
2012-06-18,8.3219
2012-06-15,8.3724
2012-06-14,8.4151
2012-06-13,8.3787
2012-06-12,8.4368
2012-06-11,8.2913
2012-06-08,8.4913
2012-06-07,8.3191
2012-06-06,8.3968
2012-06-05,8.5025
2012-06-04,8.5909
2012-06-01,8.5671
2012-05-31,8.5206
2012-05-30,8.4055
2012-05-29,8.3156
2012-05-28,8.321
2012-05-25,8.3225
2012-05-24,8.4101
2012-05-23,8.4099
2012-05-22,8.2393
2012-05-21,8.2708
2012-05-18,8.3524
2012-05-17,8.2855
2012-05-16,8.3335
2012-05-15,8.1688
2012-05-14,8.1914
2012-05-11,8.0866
2012-05-10,8.0286
2012-05-09,7.9423
2012-05-08,7.8505
2012-05-07,7.8375
2012-05-04,7.7471
2012-05-03,7.7314
2012-05-02,7.7423
2012-04-30,7.7422
2012-04-26,7.7413
2012-04-25,7.7624
2012-04-24,7.8225
2012-04-23,7.8398
2012-04-20,7.8073
2012-04-19,7.8108
2012-04-18,7.8002
2012-04-17,7.9102
2012-04-16,8.004
2012-04-13,7.927
2012-04-12,7.9424
2012-04-11,8.0295
2012-04-10,7.9109
2012-04-05,7.8233
2012-04-04,7.7705
2012-04-03,7.649
2012-04-02,7.6268
2012-03-30,7.682
2012-03-29,7.6617
2012-03-28,7.607
2012-03-27,7.5789
2012-03-26,7.6898
2012-03-23,7.6826
2012-03-22,7.6862
2012-03-20,7.5898
2012-03-19,7.5822
2012-03-16,7.6369
2012-03-15,7.6718
2012-03-14,7.558
2012-03-13,7.5444
2012-03-12,7.5885
2012-03-09,7.5077
2012-03-08,7.5622
2012-03-07,7.6381
2012-03-06,7.6069
2012-03-05,7.5536
2012-03-02,7.4877
2012-03-01,7.4914
2012-02-29,7.4777
2012-02-28,7.5172
2012-02-27,7.6377
2012-02-24,7.6305
2012-02-23,7.6858
2012-02-22,7.7313
2012-02-21,7.6941
2012-02-20,7.6904
2012-02-17,7.7709
2012-02-16,7.8105
2012-02-15,7.6929
2012-02-14,7.727
2012-02-13,7.6489
2012-02-10,7.6641
2012-02-09,7.5778
2012-02-08,7.53
2012-02-07,7.5481
2012-02-06,7.5877
2012-02-03,7.6606
2012-02-02,7.6942
2012-02-01,7.803
2012-01-31,7.8034
2012-01-30,7.8252
2012-01-27,7.8113
2012-01-26,7.8639
2012-01-25,7.9383
2012-01-24,7.9826
2012-01-23,7.9409
2012-01-20,7.9553
2012-01-19,7.9819
2012-01-18,8.0268
2012-01-17,8.0194
2012-01-16,8.1426
2012-01-13,8.0373
2012-01-12,8.0869
2012-01-11,8.0979
2012-01-10,8.1296
2012-01-09,8.1594
2012-01-06,8.1569
2012-01-05,8.18
2012-01-04,8.0613
2012-01-03,8.0562
2011-12-30,8.1319
2011-12-29,8.1578
2011-12-28,8.1478
2011-12-23,8.173
2011-12-22,8.1876
2011-12-21,8.1128
2011-12-20,8.3381
2011-12-19,8.3672
2011-12-15,8.3659
2011-12-14,8.3294
2011-12-13,8.2528
2011-12-12,8.1606
2011-12-09,8.2529
2011-12-08,8.0633
2011-12-07,7.9702
2011-12-06,8.0703
2011-12-05,8.0065
2011-12-02,8.0872
2011-12-01,8.1708
2011-11-30,8.4278
2011-11-29,8.3478
2011-11-28,8.3998
2011-11-25,8.5187
2011-11-24,8.5423
2011-11-23,8.4388
2011-11-22,8.2783
2011-11-21,8.2594
2011-11-18,8.2205
2011-11-17,8.1491
2011-11-16,8.1689
2011-11-15,8.0468
2011-11-14,7.91
2011-11-11,7.964
2011-11-10,8.0327
2011-11-09,7.9062
2011-11-08,7.9401
2011-11-07,7.9827
2011-11-04,7.8702
2011-11-03,8.0476
2011-11-02,8.0053
2011-11-01,8.0746
2011-10-31,7.818
2011-10-28,7.6993
2011-10-27,7.8408
2011-10-26,7.97
2011-10-25,7.9143
2011-10-24,8.0186
2011-10-21,8.1913
2011-10-20,8.0721
2011-10-19,7.998
2011-10-18,8.036
2011-10-17,7.8026
2011-10-14,7.8465
2011-10-13,7.8589
2011-10-12,7.8063
2011-10-11,7.9217
2011-10-10,7.8572
2011-10-07,7.9464
2011-10-06,7.927
2011-10-05,8.1359
2011-10-04,8.2609
2011-10-03,8.0783
2011-09-30,8.0268
2011-09-29,7.8728
2011-09-28,7.8612
2011-09-27,7.9481
2011-09-26,8.1599
2011-09-23,8.2825
2011-09-22,8.1412
2011-09-21,7.7977
2011-09-20,7.6659
2011-09-19,7.5486
2011-09-16,7.4261
2011-09-15,7.4081
2011-09-14,7.3989
2011-09-13,7.4272
2011-09-12,7.3321
2011-09-09,7.2444
2011-09-08,7.1315
2011-09-07,7.093
2011-09-06,7.081
2011-09-05,7.0805
2011-09-02,7.0016
2011-09-01,7.0067
2011-08-31,7.022
2011-08-30,7.0575
2011-08-29,7.0912
2011-08-26,7.2105
2011-08-25,7.2464
2011-08-24,7.2109
2011-08-23,7.1685
2011-08-22,7.1971
2011-08-19,7.2207
2011-08-18,7.126
2011-08-17,7.1295
2011-08-16,7.1646
2011-08-15,7.137
2011-08-12,7.2318
2011-08-11,7.1815
2011-08-10,7.1558
2011-08-08,6.9307
2011-08-05,6.948
2011-08-04,6.7998
2011-08-03,6.7808
2011-08-02,6.7228
2011-08-01,6.6771
2011-07-29,6.7708
2011-07-28,6.6425
2011-07-27,6.6466
2011-07-26,6.708
2011-07-25,6.8129
2011-07-22,6.7559
2011-07-21,6.8729
2011-07-20,6.9114
2011-07-19,6.9606
2011-07-18,6.946
2011-07-15,6.9019
2011-07-14,6.8604
2011-07-13,6.8423
2011-07-12,6.8991
2011-07-11,6.7487
2011-07-08,6.6917
2011-07-07,6.7237
2011-07-06,6.7537
2011-07-05,6.7528
2011-07-04,6.7174
2011-07-01,6.7631
2011-06-30,6.7791
2011-06-29,6.827
2011-06-28,6.8596
2011-06-27,6.9267
2011-06-24,6.8913
2011-06-23,6.8066
2011-06-22,6.7287
2011-06-21,6.759
2011-06-20,6.8219
2011-06-17,6.8672
2011-06-15,6.7878
2011-06-14,6.7524
2011-06-13,6.7759
2011-06-10,6.7625
2011-06-09,6.7113
2011-06-08,6.7486
2011-06-07,6.7434
2011-06-06,6.7019
2011-06-03,6.7183
2011-06-02,6.7965
2011-06-01,6.7821
2011-05-31,6.8907
2011-05-30,6.9016
2011-05-27,6.9312
2011-05-26,6.9719
2011-05-25,7.0404
2011-05-24,7.0008
2011-05-23,7.0016
2011-05-20,6.8817
2011-05-19,6.928
2011-05-17,6.9963
2011-05-16,7.0257
2011-05-13,6.8971
2011-05-12,6.9396
2011-05-11,6.768
2011-05-10,6.7388
2011-05-09,6.6628
2011-05-06,6.7568
2011-05-05,6.6576
2011-05-04,6.6288
2011-05-03,6.6532
2011-04-29,6.6227
2011-04-28,6.5962
2011-04-26,6.7385
2011-04-21,6.7663
2011-04-20,6.7924
2011-04-19,6.8464
2011-04-18,6.8556
2011-04-15,6.8468
2011-04-14,6.7903
2011-04-13,6.7404
2011-04-12,6.6978
2011-04-11,6.6517
2011-04-08,6.6479
2011-04-07,6.6872
2011-04-06,6.6925
2011-04-05,6.7378
2011-04-04,6.7203
2011-04-01,6.7665
2011-03-31,6.782
2011-03-30,6.8347
2011-03-29,6.8629
2011-03-28,6.8772
2011-03-25,6.8768
2011-03-24,6.9302
2011-03-23,6.908
2011-03-22,6.9031
2011-03-18,7.047
2011-03-17,7.0777
2011-03-16,6.985
2011-03-15,6.8756
2011-03-14,6.8926
2011-03-11,6.9125
2011-03-10,6.8982
2011-03-09,6.9114
2011-03-08,6.8684
2011-03-07,6.8834
2011-03-04,6.8892
2011-03-03,6.8674
2011-03-02,6.9789
2011-03-01,6.9409
2011-02-28,6.988
2011-02-25,7.026
2011-02-24,7.1221
2011-02-23,7.1257
2011-02-22,7.2105
2011-02-21,7.1349
2011-02-18,7.1982
2011-02-17,7.2195
2011-02-16,7.3116
2011-02-15,7.2952
2011-02-14,7.2713
2011-02-11,7.2853
2011-02-10,7.2748
2011-02-09,7.2164
2011-02-08,7.2228
2011-02-07,7.2498
2011-02-04,7.27
2011-02-03,7.1705
2011-02-02,7.1021
2011-02-01,7.1477
2011-01-31,7.1817
2011-01-28,7.1002
2011-01-27,7.0919
2011-01-26,7.0863
2011-01-25,7.0197
2011-01-24,7.0743
2011-01-21,7.0621
2011-01-20,7.0159
2011-01-19,6.8785
2011-01-18,6.8519
2011-01-17,6.9482
2011-01-14,6.8268
2011-01-13,6.8331
2011-01-12,6.833
2011-01-11,6.8332
2011-01-10,6.838
2011-01-07,6.811
2011-01-06,6.7305
2011-01-05,6.7222
2011-01-04,6.6558
2011-01-03,6.6238
2010-12-31,6.6224
2010-12-30,6.6224
2010-12-29,6.6908
2010-12-28,6.7007
2010-12-24,6.7407
2010-12-23,6.768
2010-12-22,6.8016
2010-12-21,6.8167
2010-12-20,6.8614
2010-12-17,6.8211
2010-12-15,6.8424
2010-12-14,6.8175
2010-12-13,6.852
2010-12-10,6.8981
2010-12-09,6.9026
2010-12-08,6.962
2010-12-07,6.8865
2010-12-06,6.8875
2010-12-03,6.9293
2010-12-02,6.9788
2010-12-01,7.0517
2010-11-30,7.1267
2010-11-29,7.1185
2010-11-26,7.0917
2010-11-25,7.056
2010-11-24,7.0973
2010-11-23,7.0563
2010-11-22,6.976
2010-11-19,6.9527
2010-11-18,6.9978
2010-11-17,7.0677
2010-11-16,6.9822
2010-11-15,7.0062
2010-11-12,7.0107
2010-11-11,6.8709
2010-11-10,6.8635
2010-11-09,6.8711
2010-11-08,6.8285
2010-11-05,6.8028
2010-11-04,6.8325
2010-11-03,6.8809
2010-11-02,6.9576
2010-11-01,6.9661
2010-10-29,7.0269
2010-10-28,7.0575
2010-10-27,7.0089
2010-10-26,6.9037
2010-10-25,6.8877
2010-10-22,6.9614
2010-10-21,6.9225
2010-10-20,6.9508
2010-10-19,6.9086
2010-10-18,6.8919
2010-10-15,6.8076
2010-10-14,6.778
2010-10-13,6.8356
2010-10-12,6.9039
2010-10-11,6.8718
2010-10-08,6.9308
2010-10-07,6.8497
2010-10-06,6.8853
2010-10-05,6.993
2010-10-04,6.9581
2010-10-01,6.9529
2010-09-30,6.9621
2010-09-29,6.9705
2010-09-28,7.0276
2010-09-27,7.0101
2010-09-23,7.0584
2010-09-22,7.0368
2010-09-21,7.1076
2010-09-20,7.1179
2010-09-17,7.1276
2010-09-16,7.1011
2010-09-15,7.0994
2010-09-14,7.1474
2010-09-13,7.1448
2010-09-10,7.1912
2010-09-09,7.2306
2010-09-08,7.2819
2010-09-07,7.2662
2010-09-06,7.1908
2010-09-03,7.2191
2010-09-02,7.2784
2010-09-01,7.3826
2010-08-31,7.3763
2010-08-30,7.3065
2010-08-27,7.3228
2010-08-26,7.3213
2010-08-25,7.3496
2010-08-24,7.4004
2010-08-23,7.283
2010-08-20,7.3024
2010-08-19,7.2826
2010-08-18,7.2818
2010-08-17,7.2391
2010-08-16,7.3164
2010-08-13,7.2573
2010-08-12,7.3082
2010-08-11,7.259
2010-08-10,7.2278
2010-08-06,7.2461
2010-08-05,7.2815
2010-08-04,7.3118
2010-08-03,7.3183
2010-08-02,7.2564
2010-07-30,7.3477
2010-07-29,7.2965
2010-07-28,7.3566
2010-07-27,7.3483
2010-07-26,7.3998
2010-07-23,7.4386
2010-07-22,7.5623
2010-07-21,7.5606
2010-07-20,7.6014
2010-07-19,7.6198
2010-07-16,7.562
2010-07-15,7.5406
2010-07-14,7.5297
2010-07-13,7.6114
2010-07-12,7.6119
2010-07-09,7.5659
2010-07-08,7.598
2010-07-07,7.6772
2010-07-06,7.711
2010-07-05,7.7378
2010-07-02,7.7008
2010-07-01,7.6998
2010-06-30,7.6492
2010-06-29,7.6491
2010-06-28,7.54
2010-06-25,7.6366
2010-06-24,7.5698
2010-06-23,7.5757
2010-06-22,7.5228
2010-06-21,7.4324
2010-06-18,7.5465
2010-06-17,7.6215
2010-06-15,7.6888
2010-06-14,7.6514
2010-06-11,7.7091
2010-06-10,7.7824
2010-06-09,7.7212
2010-06-08,7.7889
2010-06-07,7.8197
2010-06-04,7.644
2010-06-03,7.6072
2010-06-02,7.712
2010-06-01,7.7503
2010-05-31,7.6362
2010-05-28,7.5425
2010-05-27,7.6982
2010-05-26,7.8314
2010-05-25,7.9704
2010-05-24,7.8523
2010-05-21,7.949
2010-05-20,7.8225
2010-05-19,7.6868
2010-05-18,7.517
2010-05-17,7.5777
2010-05-14,7.5243
2010-05-13,7.4742
2010-05-12,7.5076
2010-05-11,7.5306
2010-05-10,7.4455
2010-05-07,7.7344
2010-05-06,7.6436
2010-05-05,7.5953
2010-05-04,7.4435
2010-05-03,7.3893
2010-04-30,7.3263
2010-04-29,7.3859
2010-04-28,7.4876
2010-04-26,7.3772
2010-04-23,7.4733
2010-04-22,7.423
2010-04-21,7.3773
2010-04-20,7.4221
2010-04-19,7.4364
2010-04-16,7.3566
2010-04-15,7.3413
2010-04-14,7.2677
2010-04-13,7.2886
2010-04-12,7.2553
2010-04-09,7.2376
2010-04-08,7.3577
2010-04-07,7.2288
2010-04-06,7.2601
2010-04-01,7.238
2010-03-31,7.3273
2010-03-30,7.3996
2010-03-29,7.3912
2010-03-26,7.4421
2010-03-25,7.3786
2010-03-24,7.3491
2010-03-23,7.3585
2010-03-19,7.3076
2010-03-18,7.3031
2010-03-17,7.3374
2010-03-16,7.4066
2010-03-15,7.4221
2010-03-12,7.4007
2010-03-11,7.4617
2010-03-10,7.4155
2010-03-09,7.4073
2010-03-08,7.3977
2010-03-05,7.4637
2010-03-04,7.5142
2010-03-03,7.5817
2010-03-02,7.6528
2010-03-01,7.6776
2010-02-26,7.7859
2010-02-25,7.7974
2010-02-24,7.7698
2010-02-23,7.6757
2010-02-22,7.6497
2010-02-19,7.6891
2010-02-18,7.6461
2010-02-17,7.6618
2010-02-16,7.6882
2010-02-15,7.7191
2010-02-12,7.6488
2010-02-11,7.678
2010-02-10,7.6975
2010-02-09,7.6878
2010-02-08,7.7172
2010-02-05,7.7089
2010-02-04,7.5289
2010-02-03,7.4303
2010-02-02,7.49
2010-02-01,7.5765
2010-01-29,7.5879
2010-01-28,7.5568
2010-01-27,7.6283
2010-01-26,7.6327
2010-01-25,7.6039
2010-01-22,7.5481
2010-01-21,7.5279
2010-01-20,7.4835
2010-01-19,7.398
2010-01-18,7.3913
2010-01-15,7.4196
2010-01-14,7.3997
2010-01-13,7.4362
2010-01-12,7.3907
2010-01-11,7.3308
2010-01-08,7.4206
2010-01-07,7.3537
2010-01-06,7.3414
2010-01-05,7.2924
2010-01-04,7.3397
2009-12-31,7.3721
2009-12-30,7.3889
2009-12-29,7.4629
2009-12-28,7.5523
2009-12-24,7.5819
2009-12-23,7.7209
2009-12-22,7.7272
2009-12-21,7.626
2009-12-18,7.519
2009-12-17,7.4715
2009-12-15,7.4591
2009-12-14,7.491
2009-12-11,7.5354
2009-12-10,7.58
2009-12-09,7.5657
2009-12-08,7.4823
2009-12-07,7.4777
2009-12-04,7.3687
2009-12-03,7.2823
2009-12-02,7.2868
2009-12-01,7.3661
2009-11-30,7.4003
2009-11-27,7.5878
2009-11-26,7.388
2009-11-25,7.3975
2009-11-24,7.5216
2009-11-23,7.5015
2009-11-20,7.5239
2009-11-19,7.5229
2009-11-18,7.4391
2009-11-17,7.4135
2009-11-16,7.3771
2009-11-13,7.4551
2009-11-12,7.3948
2009-11-11,7.3466
2009-11-10,7.4405
2009-11-09,7.4529
2009-11-06,7.57
2009-11-05,7.6709
2009-11-04,7.7481
2009-11-03,7.9174
2009-11-02,7.8797
2009-10-30,7.7703
2009-10-29,7.832
2009-10-28,7.7221
2009-10-27,7.5863
2009-10-26,7.4916
2009-10-23,7.4492
2009-10-22,7.5079
2009-10-21,7.3828
2009-10-20,7.3286
2009-10-19,7.3358
2009-10-16,7.348
2009-10-15,7.2439
2009-10-14,7.2889
2009-10-13,7.3597
2009-10-12,7.4421
2009-10-09,7.407
2009-10-08,7.332
2009-10-07,7.4381
2009-10-06,7.4458
2009-10-05,7.6386
2009-10-02,7.7587
2009-10-01,7.6021
2009-09-30,7.4083
2009-09-29,7.3986
2009-09-28,7.4292
2009-09-25,7.4921
2009-09-23,7.3788
2009-09-22,7.4189
2009-09-21,7.5116
2009-09-18,7.4623
2009-09-17,7.3411
2009-09-16,7.3683
2009-09-15,7.3907
2009-09-14,7.5073
2009-09-11,7.6115
2009-09-10,7.5606
2009-09-09,7.5509
2009-09-08,7.5364
2009-09-07,7.584
2009-09-04,7.6712
2009-09-03,7.7616
2009-09-02,7.8764
2009-09-01,7.791
2009-08-31,7.7819
2009-08-28,7.782
2009-08-27,7.8748
2009-08-26,7.7859
2009-08-25,7.8179
2009-08-24,7.7905
2009-08-21,7.8864
2009-08-20,7.9505
2009-08-19,8.082
2009-08-18,8.0566
2009-08-17,8.1859
2009-08-14,8.0274
2009-08-13,8.0066
2009-08-12,8.1758
2009-08-11,8.0597
2009-08-07,8.1415
2009-08-06,7.9966
2009-08-05,7.9012
2009-08-04,7.818
2009-08-03,7.7572
2009-07-31,7.8074
2009-07-30,7.8512
2009-07-29,7.908
2009-07-28,7.7172
2009-07-27,7.7734
2009-07-24,7.7043
2009-07-23,7.6847
2009-07-22,7.8291
2009-07-21,7.887
2009-07-20,7.9826
2009-07-17,8.098
2009-07-16,8.152
2009-07-15,8.2161
2009-07-14,8.1723
2009-07-13,8.3167
2009-07-10,8.1641
2009-07-09,8.122
2009-07-08,8.1297
2009-07-07,8.0069
2009-07-06,8.011
2009-07-03,7.926
2009-07-02,7.8116
2009-07-01,7.7069
2009-06-30,7.7756
2009-06-29,7.9096
2009-06-26,7.9981
2009-06-25,8.0716
2009-06-24,8.1379
2009-06-23,8.2684
2009-06-22,8.0898
2009-06-19,8.1337
2009-06-18,8.0674
2009-06-17,8.0424
2009-06-15,8.0867
2009-06-12,7.9929
2009-06-11,8.0633
2009-06-10,8.0365
2009-06-09,8.147
2009-06-08,8.1379
2009-06-05,8.0412
2009-06-04,8.0303
2009-06-03,8.0181
2009-06-02,8.0914
2009-06-01,7.9721
2009-05-29,7.9795
2009-05-28,8.1463
2009-05-27,8.2699
2009-05-26,8.3319
2009-05-25,8.3234
2009-05-22,8.3173
2009-05-21,8.3498
2009-05-20,8.4105
2009-05-19,8.4676
2009-05-18,8.6961
2009-05-15,8.5493
2009-05-14,8.5443
2009-05-13,8.3711
2009-05-12,8.4591
2009-05-11,8.2949
2009-05-08,8.4474
2009-05-07,8.3476
2009-05-06,8.4971
2009-05-05,8.3035
2009-05-04,8.3929
2009-04-30,8.4291
2009-04-29,8.6305
2009-04-28,8.8489
2009-04-24,8.8234
2009-04-23,8.9091
2009-04-21,9.0896
2009-04-20,9.0417
2009-04-17,8.9202
2009-04-16,9.0585
2009-04-15,9.1615
2009-04-14,9.0005
2009-04-09,9.1395
2009-04-08,9.2523
2009-04-07,9.1435
2009-04-06,9.016
2009-04-03,9.0943
2009-04-02,9.3611
2009-04-01,9.526
2009-03-31,9.6266
2009-03-30,9.7111
2009-03-27,9.4816
2009-03-26,9.5484
2009-03-25,9.85
2009-03-24,9.5436
2009-03-23,9.5635
2009-03-20,9.7388
2009-03-19,9.7631
2009-03-18,9.9163
2009-03-17,9.9629
2009-03-16,9.9155
2009-03-13,9.9109
2009-03-12,10.1863
2009-03-11,10.3161
2009-03-10,10.4767
2009-03-09,10.4947
2009-03-06,10.5948
2009-03-05,10.3311
2009-03-04,10.4685
2009-03-03,10.3676
2009-03-02,10.3636
2009-02-27,9.9498
2009-02-26,9.9558
2009-02-25,9.9459
2009-02-24,10.0718
2009-02-23,9.9854
2009-02-20,10.2224
2009-02-19,10.0709
2009-02-18,10.1746
2009-02-17,10.2298
2009-02-16,10.0648
2009-02-13,9.9352
2009-02-12,9.9357
2009-02-11,9.8709
2009-02-10,9.6721
2009-02-09,9.73
2009-02-06,9.8822
2009-02-05,10.0405
2009-02-04,10.1008
2009-02-03,10.1417
2009-02-02,10.188
2009-01-30,10.1333
2009-01-29,9.9684
2009-01-28,9.9485
2009-01-27,9.9905
2009-01-26,10.2284
2009-01-23,10.2549
2009-01-22,10.0266
2009-01-21,10.2088
2009-01-20,10.2219
2009-01-19,9.9753
2009-01-16,9.9291
2009-01-15,10.1813
2009-01-14,9.8713
2009-01-13,10.1414
2009-01-12,9.9077
2009-01-09,9.6866
2009-01-08,9.7231
2009-01-07,9.3163
2009-01-06,9.3825
2009-01-05,9.4616
2009-01-02,9.458
